time,amp
0.042667,-41.993133
0.064000,-41.686359
0.085333,-42.218194
0.106667,-41.867582
0.128000,-41.936362
0.149333,-43.654204
0.170667,-43.764827
0.192000,-42.301275
0.213333,-42.454650
0.234667,-44.207299
0.256000,-42.183004
0.277333,-42.232515
0.298667,-43.007678
0.320000,-41.807073
0.341333,-42.554411
0.362667,-42.203653
0.384000,-40.689809
0.405333,-41.156142
0.426667,-43.404558
0.448000,-34.094219
0.469333,-29.382780
0.490667,-34.107805
0.512000,-40.056131
0.533333,-39.355319
0.554667,-26.274288
0.576000,-22.991091
0.597333,-20.868178
0.618667,-23.023358
0.640000,-26.299300
0.661333,-32.699613
0.682667,-34.416357
0.704000,-37.402985
0.725333,-39.573046
0.746667,-41.388328
0.768000,-42.185707
0.789333,-42.326099
0.810667,-42.836823
0.832000,-43.449276
0.853333,-42.096631
0.874667,-37.818660
0.896000,-34.140793
0.917333,-31.326992
0.938667,-38.932249
0.960000,-40.799767
0.981333,-41.052826
1.002667,-26.647166
1.024000,-23.905887
1.045333,-24.715653
1.066667,-28.907403
1.088000,-30.915819
1.109333,-28.823480
1.130667,-29.233025
1.152000,-31.420274
1.173333,-35.489438
1.194667,-38.143767
1.216000,-38.247384
1.237333,-39.214377
1.258667,-38.380370
1.280000,-38.280980
1.301333,-39.801744
1.322667,-40.321688
1.344000,-45.838896
1.365333,-43.267248
1.386667,-44.844819
1.408000,-42.187171
1.429333,-41.993899
1.450667,-41.526792
1.472000,-43.704327
1.493333,-44.091829
1.514667,-45.080204
1.536000,-42.243747
1.557333,-43.139109
1.578667,-41.160325
1.600000,-44.212998
1.621333,-44.007986
1.642667,-44.314641
1.664000,-43.512304
1.685333,-42.303424
1.706667,-42.022065
1.728000,-41.892785
1.749333,-42.809208
1.770667,-41.688726
1.792000,-43.934176
1.813333,-43.761038
1.834667,-44.243345
1.856000,-43.318513
1.877333,-44.381994
1.898667,-43.768676
1.920000,-43.362717
1.941333,-36.103712
1.962667,-40.130090
1.984000,-41.596677
2.005333,-41.978103
2.026667,-40.602034
2.048000,-41.761474
2.069333,-41.442211
2.090667,-42.367308
2.112000,-43.823845
2.133333,-41.195658
2.154667,-42.107546
2.176000,-40.843087
2.197333,-40.494843
2.218667,-42.510131
2.240000,-44.814673
2.261333,-46.875528
2.282667,-46.149765
2.304000,-38.176092
2.325333,-35.904347
2.346667,-38.633131
2.368000,-38.596147
2.389333,-39.877533
2.410667,-37.059270
2.432000,-36.405374
2.453333,-37.211596
2.474667,-38.180779
2.496000,-38.159888
2.517333,-41.228923
2.538667,-45.011289
2.560000,-46.766338
2.581333,-44.723761
2.602667,-43.004555
2.624000,-43.001161
2.645333,-41.003967
2.666667,-43.683070
2.688000,-45.745844
2.709333,-46.249383
2.730667,-44.672886
2.752000,-43.594245
2.773333,-41.787700
2.794667,-44.020118
2.816000,-43.336937
2.837333,-45.795686
2.858667,-45.820346
2.880000,-43.770771
2.901333,-43.318917
2.922667,-43.397837
2.944000,-42.642757
2.965333,-43.053822
2.986667,-41.933191
3.008000,-43.454958
3.029333,-43.504925
3.050667,-42.538593
3.072000,-41.186146
3.093333,-42.899462
3.114667,-45.519100
3.136000,-45.193778
3.157333,-43.469163
3.178667,-42.403896
3.200000,-42.868973
3.221333,-42.258178
3.242667,-40.926773
3.264000,-42.707910
3.285333,-42.885705
3.306667,-42.107990
3.328000,-42.326403
3.349333,-42.196232
3.370667,-41.109598
3.392000,-39.277276
3.413333,-38.199039
3.434667,-38.671423
3.456000,-39.822940
3.477333,-39.977489
3.498667,-41.341793
3.520000,-41.111337
3.541333,-40.529727
3.562667,-42.167607
3.584000,-42.621897
3.605333,-41.557364
3.626667,-42.924392
3.648000,-40.268539
3.669333,-40.484932
3.690667,-41.117931
3.712000,-41.055792
3.733333,-41.590648
3.754667,-40.416326
3.776000,-41.591962
3.797333,-40.386264
3.818667,-40.937723
3.840000,-39.495309
3.861333,-41.966397
3.882667,-42.474170
3.904000,-41.723044
3.925333,-42.336955
3.946667,-42.570657
3.968000,-40.151651
3.989333,-43.136284
4.010667,-42.762082
4.032000,-46.823847
4.053333,-41.301617
4.074667,-45.152925
4.096000,-44.149924
4.117333,-41.897568
4.138667,-42.536674
4.160000,-44.054981
4.181333,-43.790473
4.202667,-43.362610
4.224000,-41.092598
4.245333,-38.120734
4.266667,-35.763525
4.288000,-34.502496
4.309333,-31.015215
4.330667,-24.266741
4.352000,-24.635400
4.373333,-25.385980
4.394667,-26.229565
4.416000,-25.575979
4.437333,-25.756493
4.458667,-25.756761
4.480000,-25.498200
4.501333,-27.393621
4.522667,-27.120443
4.544000,-26.641453
4.565333,-27.170982
4.586667,-28.984197
4.608000,-30.135169
4.629333,-31.507535
4.650667,-32.874797
4.672000,-35.197051
4.693333,-38.679670
4.714667,-40.098824
4.736000,-42.067985
4.757333,-41.539602
4.778667,-41.868611
4.800000,-31.834270
4.821333,-30.457860
4.842667,-33.652527
4.864000,-33.556123
4.885333,-33.627779
4.906667,-27.877108
4.928000,-25.435638
4.949333,-25.573170
4.970667,-25.842013
4.992000,-25.080915
5.013333,-26.398674
5.034667,-29.327653
5.056000,-32.868238
5.077333,-36.244909
5.098667,-39.015899
5.120000,-38.910969
5.141333,-35.099373
5.162667,-30.779516
5.184000,-29.708046
5.205333,-33.669595
5.226667,-35.910576
5.248000,-35.677428
5.269333,-37.955447
5.290667,-39.085618
5.312000,-39.171281
5.333333,-38.587485
5.354667,-39.844715
5.376000,-42.335851
5.397333,-41.305111
5.418667,-44.019713
5.440000,-43.359875
5.461333,-40.793284
5.482667,-41.880092
5.504000,-43.418388
5.525333,-41.416463
5.546667,-43.145932
5.568000,-40.948535
5.589333,-39.677440
5.610667,-40.100174
5.632000,-41.997302
5.653333,-40.613710
5.674667,-42.430770
5.696000,-40.875013
5.717333,-42.635635
5.738667,-43.689015
5.760000,-43.987966
5.781333,-45.497237
5.802667,-45.124106
5.824000,-46.226029
5.845333,-45.755678
5.866667,-45.245237
5.888000,-45.470706
5.909333,-46.377600
5.930667,-43.825189
5.952000,-44.032186
5.973333,-45.203140
5.994667,-43.454482
6.016000,-42.930723
6.037333,-41.698896
6.058667,-40.653746
6.080000,-42.024124
6.101333,-41.570245
6.122667,-40.567582
6.144000,-42.770774
6.165333,-42.100047
6.186667,-42.244557
6.208000,-42.736088
6.229333,-43.598117
6.250667,-45.515328
6.272000,-43.664517
6.293333,-43.367310
6.314667,-43.841647
6.336000,-41.380408
6.357333,-40.645650
6.378667,-39.715887
6.400000,-42.551223
6.421333,-40.859310
6.442667,-40.908447
6.464000,-41.368424
6.485333,-40.315040
6.506667,-41.596447
6.528000,-41.108436
6.549333,-43.474589
6.570667,-43.359823
6.592000,-45.202431
6.613333,-44.523624
6.634667,-43.287132
6.656000,-41.904092
6.677333,-45.507019
6.698667,-44.511143
6.720000,-45.355293
6.741333,-45.639067
6.762667,-42.822027
6.784000,-42.888489
6.805333,-41.575216
6.826667,-43.575082
6.848000,-43.759056
6.869333,-42.339131
6.890667,-41.501765
6.912000,-42.010808
6.933333,-39.486832
6.954667,-39.725297
6.976000,-43.030172
6.997333,-40.930953
7.018667,-45.796114
7.040000,-44.604091
7.061333,-44.034575
7.082667,-42.360689
7.104000,-41.652615
7.125333,-43.373525
7.146667,-43.740276
7.168000,-43.095066
7.189333,-41.526021
7.210667,-39.899616
7.232000,-37.934453
7.253333,-40.450009
7.274667,-41.976733
7.296000,-40.867431
7.317333,-44.111708
7.338667,-44.383830
7.360000,-43.655432
7.381333,-40.951665
7.402667,-40.422055
7.424000,-41.849317
7.445333,-41.930766
7.466667,-45.146832
7.488000,-44.926921
7.509333,-41.328651
7.530667,-42.927085
7.552000,-38.444000
7.573333,-35.096857
7.594667,-32.160611
7.616000,-16.018212
7.637333,-14.466807
7.658667,-13.735340
7.680000,-19.137328
7.701333,-19.498383
7.722667,-26.191096
7.744000,-31.559507
7.765333,-35.082488
7.786667,-22.094466
7.808000,-18.870926
7.829333,-16.410376
7.850667,-17.219981
7.872000,-16.914724
7.893333,-17.515541
7.914667,-18.749739
7.936000,-21.875244
7.957333,-25.194834
7.978667,-27.587072
8.000000,-27.927758
8.021333,-33.825958
8.042667,-33.120972
8.064000,-32.351651
8.085333,-33.024304
8.106667,-32.513354
8.128000,-37.459464
8.149333,-40.891581
8.170667,-39.905091
8.192000,-41.170486
8.213333,-43.033280
8.234667,-46.354288
8.256000,-43.655375
8.277333,-42.360780
8.298667,-44.218198
8.320000,-43.581348
8.341333,-44.732851
8.362667,-42.949915
8.384000,-43.692415
8.405333,-32.100560
8.426667,-17.402107
8.448000,-18.337349
8.469333,-18.551884
8.490667,-23.555911
8.512000,-27.542755
8.533333,-29.148493
8.554667,-28.085777
8.576000,-28.650499
8.597333,-32.386601
8.618667,-27.266146
8.640000,-24.395474
8.661333,-34.683249
8.682667,-34.389996
8.704000,-33.353219
8.725333,-27.841867
8.746667,-27.121738
8.768000,-34.200179
8.789333,-29.125824
8.810667,-30.983901
8.832000,-24.143614
8.853333,-21.181051
8.874667,-21.789122
8.896000,-24.185201
8.917333,-25.130546
8.938667,-30.703270
8.960000,-33.898314
8.981333,-31.955978
9.002667,-30.027970
9.024000,-28.924982
9.045333,-36.221792
9.066667,-37.472536
9.088000,-31.546702
9.109333,-34.348830
9.130667,-31.624062
9.152000,-34.610905
9.173333,-37.039353
9.194667,-28.768916
9.216000,-31.793716
9.237333,-26.017999
9.258667,-21.957387
9.280000,-23.211477
9.301333,-31.565677
9.322667,-35.968283
9.344000,-39.824293
9.365333,-39.747768
9.386667,-26.532145
9.408000,-26.693513
9.429333,-31.063037
9.450667,-30.390751
9.472000,-30.273000
9.493333,-32.938469
9.514667,-38.514361
9.536000,-42.457461
9.557333,-44.498919
9.578667,-19.519063
9.600000,-15.592212
9.621333,-15.264798
9.642667,-17.155352
9.664000,-20.580240
9.685333,-29.919995
9.706667,-36.511113
9.728000,-39.280222
9.749333,-30.795033
9.770667,-23.888506
9.792000,-29.552720
9.813333,-33.715369
9.834667,-29.821459
9.856000,-27.504242
9.877333,-25.072861
9.898667,-24.744393
9.920000,-31.515084
9.941333,-33.081162
9.962667,-34.140878
9.984000,-30.472912
10.005333,-32.817142
10.026667,-40.408212
10.048000,-41.264317
10.069333,-40.780894
10.090667,-28.998620
10.112000,-27.618082
10.133333,-32.257305
10.154667,-33.531306
10.176000,-35.435850
10.197333,-39.687432
10.218667,-29.741729
10.240000,-37.078645
10.261333,-38.841042
10.282667,-33.490427
10.304000,-29.294625
10.325333,-27.124911
10.346667,-25.709275
10.368000,-31.000139
10.389333,-37.606024
10.410667,-38.478968
10.432000,-31.803733
10.453333,-25.471768
10.474667,-25.958177
10.496000,-34.193238
10.517333,-35.083960
10.538667,-32.037760
10.560000,-33.915223
10.581333,-38.835186
10.602667,-40.309199
10.624000,-40.044015
10.645333,-39.876825
10.666667,-30.413460
10.688000,-29.135945
10.709333,-25.233276
10.730667,-23.245821
10.752000,-27.193885
10.773333,-26.484701
10.794667,-29.059785
10.816000,-28.155184
10.837333,-28.207324
10.858667,-30.147676
10.880000,-35.808537
10.901333,-33.990615
10.922667,-31.055931
10.944000,-29.397775
10.965333,-31.495622
10.986667,-34.458399
11.008000,-40.087373
11.029333,-41.195437
11.050667,-41.868662
11.072000,-42.518633
11.093333,-42.394742
11.114667,-42.382232
11.136000,-42.106999
11.157333,-41.082646
11.178667,-30.962024
11.200000,-39.109466
11.221333,-41.389489
11.242667,-40.682762
11.264000,-41.924678
11.285333,-41.831495
11.306667,-42.261239
11.328000,-43.122026
11.349333,-42.641192
11.370667,-41.911951
11.392000,-41.841123
11.413333,-41.835064
11.434667,-41.269893
11.456000,-41.550681
11.477333,-24.200300
11.498667,-21.191412
11.520000,-19.835767
11.541333,-20.836171
11.562667,-27.414031
11.584000,-33.290071
11.605333,-35.492340
11.626667,-29.120465
11.648000,-20.929316
11.669333,-25.914502
11.690667,-28.308783
11.712000,-27.772298
11.733333,-26.797463
11.754667,-25.835307
11.776000,-25.229376
11.797333,-27.421378
11.818667,-32.171662
11.840000,-29.673292
11.861333,-29.045473
11.882667,-30.711793
11.904000,-33.674378
11.925333,-38.125911
11.946667,-39.028770
11.968000,-32.160961
11.989333,-28.984671
12.010667,-28.387858
12.032000,-29.391676
12.053333,-28.599651
12.074667,-22.499991
12.096000,-20.622049
12.117333,-20.121912
12.138667,-22.986383
12.160000,-21.814363
12.181333,-23.988512
12.202667,-26.098021
12.224000,-32.028490
12.245333,-25.528842
12.266667,-22.750365
12.288000,-23.407397
12.309333,-22.583732
12.330667,-26.378931
12.352000,-27.978605
12.373333,-25.701282
12.394667,-34.757792
12.416000,-31.507794
12.437333,-39.479025
12.458667,-22.395480
12.480000,-18.097395
12.501333,-21.130312
12.522667,-25.291206
12.544000,-29.650105
12.565333,-29.329170
12.586667,-33.360740
12.608000,-36.458510
12.629333,-37.587883
12.650667,-38.389457
12.672000,-39.489806
12.693333,-40.634704
12.714667,-26.858090
12.736000,-27.249373
12.757333,-26.418308
12.778667,-25.270423
12.800000,-28.828987
12.821333,-27.997409
12.842667,-27.457835
12.864000,-25.543008
12.885333,-28.104655
12.906667,-34.539356
12.928000,-32.093739
12.949333,-29.377883
12.970667,-26.287457
12.992000,-26.554375
13.013333,-28.194628
13.034667,-30.869761
13.056000,-30.804490
13.077333,-35.388532
13.098667,-35.740403
13.120000,-31.545466
13.141333,-31.631103
13.162667,-31.648154
13.184000,-31.536945
13.205333,-31.417527
13.226667,-29.982466
13.248000,-26.470108
13.269333,-25.070622
13.290667,-26.628569
13.312000,-30.524941
13.333333,-29.642696
13.354667,-30.131850
13.376000,-30.101723
13.397333,-28.967898
13.418667,-28.740027
13.440000,-27.781333
13.461333,-28.774398
13.482667,-32.782279
13.504000,-34.834856
13.525333,-37.328250
13.546667,-37.792222
13.568000,-36.120205
13.589333,-37.081620
13.610667,-39.291291
13.632000,-41.403605
13.653333,-42.952357
13.674667,-42.549701
13.696000,-41.130188
13.717333,-45.371842
13.738667,-43.492464
13.760000,-44.240956
13.781333,-44.699134
13.802667,-43.713172
13.824000,-43.519378
13.845333,-43.672734
13.866667,-43.583249
13.888000,-45.054460
13.909333,-43.204904
13.930667,-43.809131
13.952000,-45.224352
13.973333,-43.361336
13.994667,-45.724004
14.016000,-46.528665
14.037333,-44.076176
14.058667,-42.477969
14.080000,-42.108113
14.101333,-42.880682
14.122667,-42.108888
14.144000,-43.191361
14.165333,-42.178830
14.186667,-45.726787
14.208000,-45.499560
14.229333,-43.857282
14.250667,-42.406427
14.272000,-43.204591
14.293333,-45.346365
14.314667,-47.013782
14.336000,-44.983014
14.357333,-42.491785
14.378667,-44.210371
14.400000,-43.647356
14.421333,-45.539296
14.442667,-46.376104
14.464000,-44.462162
14.485333,-44.899915
14.506667,-43.047088
14.528000,-41.731936
14.549333,-42.259680
14.570667,-42.812608
14.592000,-43.850519
14.613333,-42.313465
14.634667,-44.855415
14.656000,-43.902306
14.677333,-43.193726
14.698667,-42.921013
14.720000,-43.422252
14.741333,-45.009892
14.762667,-47.035760
14.784000,-44.822933
14.805333,-43.582996
14.826667,-45.006607
14.848000,-43.486450
14.869333,-44.700340
14.890667,-43.818182
14.912000,-44.137790
14.933333,-44.105385
14.954667,-42.686011
14.976000,-42.589699
14.997333,-40.926513
15.018667,-41.197996
15.040000,-41.332020
15.061333,-43.988348
15.082667,-41.794812
15.104000,-40.502438
15.125333,-41.932110
15.146667,-39.013110
15.168000,-42.701586
15.189333,-44.617773
15.210667,-46.210811
15.232000,-45.924814
15.253333,-44.497580
15.274667,-43.525488
15.296000,-43.522033
15.317333,-43.158012
15.338667,-43.866873
15.360000,-42.200905
15.381333,-44.624154
15.402667,-41.598429
15.424000,-43.217228
15.445333,-40.466962
15.466667,-40.455900
15.488000,-42.642588
15.509333,-41.898697
15.530667,-43.785081
15.552000,-43.052429
15.573333,-42.092139
15.594667,-40.243619
15.616000,-41.033215
15.637333,-42.476212
15.658667,-42.721872
15.680000,-42.759658
15.701333,-42.655779
15.722667,-43.055959
15.744000,-43.737804
15.765333,-42.889451
15.786667,-42.728831
15.808000,-43.012577
15.829333,-42.974572
15.850667,-39.844466
15.872000,-40.518751
15.893333,-38.155961
15.914667,-37.476414
15.936000,-41.815837
15.957333,-40.541193
15.978667,-42.380539
16.000000,-42.139017
16.021333,-41.695483
16.042667,-42.475073
16.064000,-43.200032
16.085333,-42.911198
16.106667,-45.851383
16.128000,-44.979596
16.149333,-42.066381
16.170667,-40.526790
16.192000,-42.326183
16.213333,-41.263532
16.234667,-41.187237
16.256000,-43.274934
16.277333,-42.609917
16.298667,-41.299094
16.320000,-40.305731
16.341333,-41.049531
16.362667,-39.902815
16.384000,-40.851385
16.405333,-40.946900
16.426667,-40.068328
16.448000,-40.415265
16.469333,-42.244085
16.490667,-41.397126
16.512000,-42.350887
16.533333,-44.609537
16.554667,-45.900680
16.576000,-43.812691
16.597333,-44.849402
16.618667,-44.232472
16.640000,-43.115447
16.661333,-43.901587
16.682667,-42.009298
16.704000,-44.043647
16.725333,-42.812713
16.746667,-43.590804
16.768000,-41.761669
16.789333,-41.306888
16.810667,-42.403474
16.832000,-42.379655
16.853333,-43.082496
16.874667,-38.616675
16.896000,-42.173618
16.917333,-40.075724
16.938667,-40.420679
16.960000,-39.628558
16.981333,-42.878104
17.002667,-41.967594
17.024000,-42.579472
17.045333,-41.486992
17.066667,-41.452559
17.088000,-42.627355
17.109333,-41.683795
17.130667,-40.414071
17.152000,-40.284315
17.173333,-38.585187
17.194667,-39.276527
17.216000,-38.599681
17.237333,-38.515476
17.258667,-41.716541
17.280000,-40.526412
17.301333,-43.750416
17.322667,-40.828723
17.344000,-42.516008
17.365333,-41.805660
17.386667,-41.001107
17.408000,-42.779414
17.429333,-44.085254
17.450667,-44.958918
17.472000,-44.843038
17.493333,-42.332961
17.514667,-41.648608
17.536000,-40.894827
17.557333,-41.734116
17.578667,-44.673364
17.600000,-42.919342
17.621333,-42.239173
17.642667,-40.177527
17.664000,-41.787567
17.685333,-39.247340
17.706667,-42.887664
17.728000,-42.600902
17.749333,-42.557710
17.770667,-48.056071
17.792000,-45.440874
17.813333,-43.764482
17.834667,-43.022549
17.856000,-42.972735
17.877333,-43.122592
17.898667,-40.739562
17.920000,-40.238037
17.941333,-39.974835
17.962667,-38.399475
17.984000,-37.618093
18.005333,-38.883854
18.026667,-40.814938
18.048000,-41.722350
18.069333,-44.560560
18.090667,-44.045332
18.112000,-41.575513
18.133333,-41.275521
18.154667,-39.647448
18.176000,-39.853109
18.197333,-40.480102
18.218667,-41.965580
18.240000,-41.491436
18.261333,-42.343691
18.282667,-40.917909
18.304000,-40.422011
18.325333,-41.988207
18.346667,-42.224391
18.368000,-42.288419
18.389333,-41.354306
18.410667,-42.147336
18.432000,-40.686878
18.453333,-41.321590
18.474667,-40.526191
18.496000,-42.281282
18.517333,-44.470961
18.538667,-42.296159
18.560000,-41.590536
18.581333,-40.691324
18.602667,-39.169783
18.624000,-39.863704
18.645333,-40.704072
18.666667,-41.838816
18.688000,-43.630445
18.709333,-41.355032
18.730667,-42.576623
18.752000,-43.664299
18.773333,-43.905507
18.794667,-42.013204
18.816000,-42.089664
18.837333,-38.688829
18.858667,-38.120442
18.880000,-39.454973
18.901333,-39.906332
18.922667,-40.575761
18.944000,-41.321295
18.965333,-41.831316
18.986667,-41.349882
19.008000,-42.438057
19.029333,-44.209151
19.050667,-43.110812
19.072000,-42.732721
19.093333,-44.390846
19.114667,-43.113833
19.136000,-43.595031
19.157333,-44.506498
19.178667,-42.941162
19.200000,-41.551499
19.221333,-41.107877
19.242667,-41.636278
19.264000,-40.619002
19.285333,-38.992886
19.306667,-39.121711
19.328000,-38.629304
19.349333,-38.566460
19.370667,-38.801353
19.392000,-40.193171
19.413333,-40.416177
19.434667,-40.067372
19.456000,-41.038515
19.477333,-41.709868
19.498667,-43.087674
19.520000,-43.912728
19.541333,-43.096631
19.562667,-44.613814
19.584000,-43.181475
19.605333,-43.243443
19.626667,-43.506637
19.648000,-44.378645
19.669333,-44.977170
19.690667,-42.614218
19.712000,-40.959062
19.733333,-40.412942
19.754667,-40.285983
19.776000,-31.501274
19.797333,-28.155716
19.818667,-22.582011
19.840000,-21.270579
19.861333,-22.956590
19.882667,-24.124102
19.904000,-25.655861
19.925333,-29.206792
19.946667,-31.215240
19.968000,-31.774590
19.989333,-33.426000
20.010667,-34.782873
20.032000,-34.246161
20.053333,-31.035285
20.074667,-25.344234
20.096000,-25.639516
20.117333,-22.637685
20.138667,-24.819305
20.160000,-27.482264
20.181333,-33.746015
20.202667,-35.601105
20.224000,-32.038770
20.245333,-22.809632
20.266667,-22.713975
20.288000,-19.024201
20.309333,-14.359812
20.330667,-14.909317
20.352000,-15.150659
20.373333,-12.908551
20.394667,-11.811261
20.416000,-11.423966
20.437333,-14.046914
20.458667,-14.194593
20.480000,-14.476178
20.501333,-18.364795
20.522667,-20.050498
20.544000,-21.307318
20.565333,-21.949624
20.586667,-28.719474
20.608000,-30.419266
20.629333,-28.317492
20.650667,-30.133444
20.672000,-27.837444
20.693333,-21.757980
20.714667,-16.073050
20.736000,-13.252900
20.757333,-13.039329
20.778667,-16.659008
20.800000,-24.101663
20.821333,-23.024511
20.842667,-20.751458
20.864000,-18.171353
20.885333,-17.355072
20.906667,-15.847524
20.928000,-14.811602
20.949333,-15.702518
20.970667,-15.952157
20.992000,-16.303075
21.013333,-16.189510
21.034667,-21.592585
21.056000,-25.031678
21.077333,-26.558634
21.098667,-22.340194
21.120000,-19.906813
21.141333,-18.341029
21.162667,-20.674204
21.184000,-21.891002
21.205333,-22.505305
21.226667,-23.081335
21.248000,-15.077521
21.269333,-13.387954
21.290667,-15.555719
21.312000,-16.957761
21.333333,-16.471534
21.354667,-15.984407
21.376000,-14.729672
21.397333,-13.260390
21.418667,-16.432725
21.440000,-16.192533
21.461333,-16.945491
21.482667,-17.917391
21.504000,-19.611067
21.525333,-21.826653
21.546667,-31.197048
21.568000,-33.259516
21.589333,-29.157373
21.610667,-31.925577
21.632000,-41.653190
21.653333,-41.471806
21.674667,-42.556845
21.696000,-37.365211
21.717333,-11.422834
21.738667,-15.455354
21.760000,-20.314073
21.781333,-21.334010
21.802667,-26.367915
21.824000,-32.780552
21.845333,-34.129970
21.866667,-34.791376
21.888000,-34.266218
21.909333,-35.064924
21.930667,-35.062669
21.952000,-34.520762
21.973333,-33.714989
21.994667,-33.244692
22.016000,-32.063939
22.037333,-32.362634
22.058667,-31.516977
22.080000,-32.972648
22.101333,-32.894693
22.122667,-25.835152
22.144000,-22.204171
22.165333,-24.693252
22.186667,-23.127618
22.208000,-15.591551
22.229333,-13.373024
22.250667,-15.996232
22.272000,-17.315555
22.293333,-20.009006
22.314667,-20.303509
22.336000,-12.868295
22.357333,-16.483688
22.378667,-16.720599
22.400000,-15.739091
22.421333,-14.734271
22.442667,-13.823933
22.464000,-14.008294
22.485333,-14.420863
22.506667,-16.860325
22.528000,-21.319419
22.549333,-25.054495
22.570667,-29.636637
22.592000,-32.668959
22.613333,-39.020140
22.634667,-39.827142
22.656000,-41.406305
22.677333,-40.850474
22.698667,-38.214180
22.720000,-36.294824
22.741333,-36.713817
22.762667,-33.365129
22.784000,-33.609610
22.805333,-34.140032
22.826667,-35.070474
22.848000,-35.762588
22.869333,-37.720786
22.890667,-38.173253
22.912000,-39.821819
22.933333,-40.161801
22.954667,-40.125246
22.976000,-37.255360
22.997333,-36.773365
23.018667,-39.535019
23.040000,-39.859957
23.061333,-38.143480
23.082667,-36.384322
23.104000,-37.015353
23.125333,-36.966949
23.146667,-27.810443
23.168000,-22.965288
23.189333,-16.130680
23.210667,-15.952918
23.232000,-13.882551
23.253333,-13.435029
23.274667,-12.776868
23.296000,-14.932460
23.317333,-15.864108
23.338667,-16.146190
23.360000,-19.206380
23.381333,-22.565459
23.402667,-29.139252
23.424000,-32.274945
23.445333,-32.071523
23.466667,-24.262814
23.488000,-19.275747
23.509333,-16.657569
23.530667,-15.432706
23.552000,-15.083468
23.573333,-15.692520
23.594667,-18.018657
23.616000,-19.635430
23.637333,-25.226683
23.658667,-24.952153
23.680000,-29.244804
23.701333,-34.051785
23.722667,-39.034024
23.744000,-41.276966
23.765333,-34.679384
23.786667,-29.531867
23.808000,-26.417262
23.829333,-24.066983
23.850667,-17.863726
23.872000,-19.498453
23.893333,-16.938051
23.914667,-20.344502
23.936000,-26.641313
23.957333,-28.471787
23.978667,-30.119558
24.000000,-32.331255
24.021333,-29.245720
24.042667,-24.679122
24.064000,-21.194565
24.085333,-24.589624
24.106667,-28.542947
24.128000,-27.043852
24.149333,-22.861513
24.170667,-19.931509
24.192000,-19.404264
24.213333,-24.020839
24.234667,-29.824853
24.256000,-32.015764
24.277333,-32.768648
24.298667,-29.006795
24.320000,-21.247436
24.341333,-20.496045
24.362667,-25.806978
24.384000,-27.958876
24.405333,-25.227056
24.426667,-17.605924
24.448000,-16.528370
24.469333,-16.147790
24.490667,-15.409826
24.512000,-17.382869
24.533333,-17.432710
24.554667,-22.954512
24.576000,-29.694978
24.597333,-30.503814
24.618667,-32.117498
24.640000,-24.947570
24.661333,-20.741867
24.682667,-21.350986
24.704000,-19.618256
24.725333,-19.114036
24.746667,-19.180742
24.768000,-21.498843
24.789333,-26.407816
24.810667,-30.286709
24.832000,-30.982928
24.853333,-32.181547
24.874667,-27.728475
24.896000,-24.058113
24.917333,-23.410544
24.938667,-24.361809
24.960000,-26.149732
24.981333,-27.640310
25.002667,-25.097481
25.024000,-23.010493
25.045333,-28.193990
25.066667,-24.862007
25.088000,-24.543917
25.109333,-25.395057
25.130667,-31.099528
25.152000,-32.863165
25.173333,-32.442192
25.194667,-31.367718
25.216000,-29.930687
25.237333,-25.822146
25.258667,-26.300931
25.280000,-26.037967
25.301333,-31.371060
25.322667,-27.184455
25.344000,-25.350715
25.365333,-25.486451
25.386667,-29.049370
25.408000,-28.025277
25.429333,-24.587197
25.450667,-24.880359
25.472000,-26.223905
25.493333,-28.133833
25.514667,-29.288350
25.536000,-29.479478
25.557333,-31.989688
25.578667,-33.429393
25.600000,-34.960406
25.621333,-34.210293
25.642667,-37.723734
25.664000,-40.916382
25.685333,-42.810241
25.706667,-44.557571
25.728000,-43.832353
25.749333,-45.542251
25.770667,-44.127281
25.792000,-44.764512
25.813333,-45.396180
25.834667,-43.077268
25.856000,-41.556915
25.877333,-39.444822
25.898667,-38.348874
25.920000,-41.449611
25.941333,-42.838378
25.962667,-43.581929
25.984000,-42.942850
26.005333,-42.170761
26.026667,-41.322790
26.048000,-42.628701
26.069333,-44.158928
26.090667,-44.923980
26.112000,-44.164189
26.133333,-44.222806
26.154667,-43.350967
26.176000,-42.943857
26.197333,-43.792479
26.218667,-42.197086
26.240000,-43.945199
26.261333,-43.352393
26.282667,-42.705691
26.304000,-42.074400
26.325333,-40.133799
26.346667,-42.780906
26.368000,-45.449015
26.389333,-44.171084
26.410667,-44.904915
26.432000,-43.619513
26.453333,-44.089777
26.474667,-42.223467
26.496000,-41.424832
26.517333,-40.654439
26.538667,-21.099684
26.560000,-18.946535
26.581333,-16.694680
26.602667,-21.574610
26.624000,-26.755609
26.645333,-33.839682
26.666667,-36.550937
26.688000,-38.423731
26.709333,-26.019730
26.730667,-20.570018
26.752000,-18.099986
26.773333,-19.013613
26.794667,-22.486676
26.816000,-23.619418
26.837333,-25.069060
26.858667,-27.299393
26.880000,-29.873044
26.901333,-31.606180
26.922667,-35.582500
26.944000,-38.076181
26.965333,-42.290292
26.986667,-41.162863
27.008000,-41.969795
27.029333,-42.171079
27.050667,-41.971911
27.072000,-40.883560
27.093333,-40.764589
27.114667,-42.179363
27.136000,-41.134364
27.157333,-36.844320
27.178667,-24.320429
27.200000,-20.940387
27.221333,-23.031734
27.242667,-25.091662
27.264000,-26.725250
27.285333,-26.795858
27.306667,-25.282397
27.328000,-31.544716
27.349333,-32.139289
27.370667,-29.830250
27.392000,-23.657558
27.413333,-21.783683
27.434667,-22.336574
27.456000,-21.111227
27.477333,-15.989423
27.498667,-15.753855
27.520000,-16.291022
27.541333,-19.234442
27.562667,-13.879837
27.584000,-16.007266
27.605333,-16.176514
27.626667,-20.715174
27.648000,-21.848835
27.669333,-24.678952
27.690667,-24.132971
27.712000,-26.650547
27.733333,-27.813638
27.754667,-20.030888
27.776000,-11.013912
27.797333,-13.242150
27.818667,-12.683628
27.840000,-16.016233
27.861333,-19.919990
27.882667,-19.891367
27.904000,-19.551197
27.925333,-21.647760
27.946667,-21.351911
27.968000,-23.586626
27.989333,-26.997910
28.010667,-26.276013
28.032000,-23.470445
28.053333,-24.807836
28.074667,-27.967967
28.096000,-32.541944
28.117333,-33.745562
28.138667,-37.686926
28.160000,-38.367784
28.181333,-41.955878
28.202667,-42.447063
28.224000,-40.770511
28.245333,-27.654122
28.266667,-20.176632
28.288000,-16.154165
28.309333,-20.050453
28.330667,-22.399873
28.352000,-33.166787
28.373333,-37.560382
28.394667,-40.011751
28.416000,-35.767847
28.437333,-27.488138
28.458667,-18.889047
28.480000,-16.136801
28.501333,-18.721161
28.522667,-18.549670
28.544000,-23.709607
28.565333,-29.165000
28.586667,-33.092036
28.608000,-31.794486
28.629333,-33.949707
28.650667,-33.288288
28.672000,-29.209318
28.693333,-25.898581
28.714667,-33.128973
28.736000,-37.153232
28.757333,-37.737788
28.778667,-37.860218
28.800000,-25.502537
28.821333,-18.297034
28.842667,-17.360743
28.864000,-16.947453
28.885333,-20.538681
28.906667,-28.803276
28.928000,-29.645354
28.949333,-26.113383
28.970667,-25.783595
28.992000,-30.818803
29.013333,-31.190803
29.034667,-31.272945
29.056000,-21.436640
29.077333,-19.254796
29.098667,-18.266315
29.120000,-18.134663
29.141333,-17.233779
29.162667,-18.389023
29.184000,-19.708360
29.205333,-22.784650
29.226667,-24.828114
29.248000,-29.740387
29.269333,-32.139266
29.290667,-30.832804
29.312000,-28.996608
29.333333,-24.918965
29.354667,-26.787628
29.376000,-28.700722
29.397333,-28.046181
29.418667,-27.583495
29.440000,-29.390448
29.461333,-28.902758
29.482667,-31.183831
29.504000,-32.188459
29.525333,-27.013856
29.546667,-21.861593
29.568000,-27.038584
29.589333,-32.719826
29.610667,-33.438839
29.632000,-36.139611
29.653333,-36.521138
29.674667,-41.204557
29.696000,-37.361973
29.717333,-28.285810
29.738667,-24.855470
29.760000,-31.001606
29.781333,-29.242506
29.802667,-32.165692
29.824000,-33.541416
29.845333,-23.281553
29.866667,-21.542306
29.888000,-23.433338
29.909333,-22.787654
29.930667,-32.622712
29.952000,-37.199489
29.973333,-36.212799
29.994667,-35.366084
30.016000,-33.301026
30.037333,-30.679188
30.058667,-29.482744
30.080000,-29.390281
30.101333,-29.741611
30.122667,-31.415251
30.144000,-30.897277
30.165333,-29.101493
30.186667,-30.159690
30.208000,-31.746220
30.229333,-30.124645
30.250667,-28.497718
30.272000,-34.826273
30.293333,-35.080268
30.314667,-38.826720
30.336000,-40.692679
30.357333,-40.942405
30.378667,-41.648752
30.400000,-37.792451
30.421333,-40.499696
30.442667,-41.237523
30.464000,-35.120114
30.485333,-34.334352
30.506667,-36.431533
30.528000,-38.520679
30.549333,-38.700561
30.570667,-41.358823
30.592000,-41.683528
30.613333,-41.508060
30.634667,-40.936733
30.656000,-40.814069
30.677333,-45.377078
30.698667,-43.652130
30.720000,-31.670914
30.741333,-30.135850
30.762667,-27.055519
30.784000,-21.378556
30.805333,-22.263042
30.826667,-26.189920
30.848000,-30.674708
30.869333,-36.403761
30.890667,-39.160190
30.912000,-24.654395
30.933333,-20.575351
30.954667,-23.168305
30.976000,-26.443908
30.997333,-27.237175
31.018667,-26.126471
31.040000,-31.959725
31.061333,-34.517205
31.082667,-36.354638
31.104000,-37.071825
31.125333,-37.460548
31.146667,-35.093523
31.168000,-33.064830
31.189333,-34.732925
31.210667,-32.970961
31.232000,-32.939546
31.253333,-33.858316
31.274667,-28.919865
31.296000,-23.966854
31.317333,-23.717165
31.338667,-26.739836
31.360000,-29.484428
31.381333,-31.076805
31.402667,-30.410963
31.424000,-30.256661
31.445333,-34.110371
31.466667,-39.811058
31.488000,-40.271194
31.509333,-39.267382
31.530667,-42.550023
31.552000,-39.882758
31.573333,-21.369873
31.594667,-16.689276
31.616000,-16.793489
31.637333,-18.044625
31.658667,-22.217736
31.680000,-21.700720
31.701333,-19.841949
31.722667,-20.467740
31.744000,-22.472950
31.765333,-20.008888
31.786667,-12.395377
31.808000,-11.268184
31.829333,-16.924034
31.850667,-24.094220
31.872000,-28.323715
31.893333,-27.331725
31.914667,-19.934389
31.936000,-19.981430
31.957333,-26.018567
31.978667,-28.549770
32.000000,-31.665563
32.021333,-30.532660
32.042667,-21.229421
32.064000,-15.346117
32.085333,-15.349972
32.106667,-17.543262
32.128000,-22.651766
32.149333,-26.266272
32.170667,-29.543142
32.192000,-33.615651
32.213333,-35.018554
32.234667,-29.462304
32.256000,-23.766890
32.277333,-26.049978
32.298667,-29.333572
32.320000,-30.024039
32.341333,-28.270278
32.362667,-32.510876
32.384000,-23.917642
32.405333,-22.054811
32.426667,-28.167719
32.448000,-36.051715
32.469333,-38.947577
32.490667,-40.514260
32.512000,-42.545998
32.533333,-39.144200
32.554667,-34.294623
32.576000,-22.316684
32.597333,-20.573059
32.618667,-19.792918
32.640000,-19.441380
32.661333,-19.152271
32.682667,-17.987915
32.704000,-17.906666
32.725333,-21.591652
32.746667,-22.241542
32.768000,-22.776101
32.789333,-21.843747
32.810667,-28.495009
32.832000,-33.348615
32.853333,-37.770771
32.874667,-39.256798
32.896000,-25.615185
32.917333,-20.916842
32.938667,-21.395508
32.960000,-21.395721
32.981333,-20.006906
33.002667,-21.026970
33.024000,-24.368631
33.045333,-26.427924
33.066667,-16.986110
33.088000,-14.587728
33.109333,-16.348756
33.130667,-19.144801
33.152000,-29.634068
33.173333,-33.471621
33.194667,-35.112824
33.216000,-32.833532
33.237333,-23.150574
33.258667,-19.481548
33.280000,-25.904619
33.301333,-26.690476
33.322667,-26.197013
33.344000,-27.022354
33.365333,-27.267343
33.386667,-29.383217
33.408000,-35.240804
33.429333,-37.345844
33.450667,-34.412267
33.472000,-24.283052
33.493333,-26.913372
33.514667,-33.854071
33.536000,-40.276896
33.557333,-41.259748
33.578667,-40.614267
33.600000,-33.346548
33.621333,-26.462338
33.642667,-24.426163
33.664000,-24.451494
33.685333,-26.150081
33.706667,-24.978314
33.728000,-26.860785
33.749333,-32.711989
33.770667,-34.080405
33.792000,-32.409520
33.813333,-33.672190
33.834667,-34.708751
33.856000,-34.415740
33.877333,-37.226139
33.898667,-36.410334
33.920000,-36.180983
33.941333,-37.595210
33.962667,-41.544227
33.984000,-44.905536
34.005333,-44.849772
34.026667,-43.094640
34.048000,-44.313943
34.069333,-43.463643
34.090667,-43.897222
34.112000,-43.854294
34.133333,-45.085838
34.154667,-45.725996
34.176000,-45.149117
34.197333,-41.844368
34.218667,-42.467997
34.240000,-45.012096
34.261333,-44.797907
34.282667,-44.081520
34.304000,-45.330469
34.325333,-43.910892
34.346667,-44.897013
34.368000,-42.873436
34.389333,-43.060877
34.410667,-44.097032
34.432000,-44.272178
34.453333,-34.978899
34.474667,-20.096999
34.496000,-18.912903
34.517333,-18.818193
34.538667,-19.062278
34.560000,-24.603045
34.581333,-31.153541
34.602667,-34.721285
34.624000,-36.610240
34.645333,-35.512396
34.666667,-31.017397
34.688000,-26.981121
34.709333,-25.917176
34.730667,-27.412315
34.752000,-31.213077
34.773333,-33.195977
34.794667,-34.001285
34.816000,-35.435710
34.837333,-39.057941
34.858667,-40.774758
34.880000,-41.342205
34.901333,-43.239986
34.922667,-33.348666
34.944000,-25.620046
34.965333,-24.653423
34.986667,-23.860079
35.008000,-25.205714
35.029333,-31.569920
35.050667,-34.035051
35.072000,-28.775400
35.093333,-25.048576
35.114667,-23.425652
35.136000,-29.462234
35.157333,-34.161992
35.178667,-36.773625
35.200000,-37.434406
35.221333,-37.897287
35.242667,-37.614484
35.264000,-37.005644
35.285333,-36.407546
35.306667,-25.173216
35.328000,-20.594864
35.349333,-17.307432
35.370667,-18.132285
35.392000,-23.854623
35.413333,-30.831710
35.434667,-29.945377
35.456000,-22.662577
35.477333,-20.703323
35.498667,-22.368581
35.520000,-20.518627
35.541333,-23.130267
35.562667,-26.061544
35.584000,-26.206124
35.605333,-27.399673
35.626667,-27.164902
35.648000,-26.413060
35.669333,-27.260855
35.690667,-31.652297
35.712000,-33.817731
35.733333,-34.725478
35.754667,-35.923354
35.776000,-35.875267
35.797333,-38.058217
35.818667,-30.202831
35.840000,-24.396826
35.861333,-25.932480
35.882667,-25.094941
35.904000,-23.768468
35.925333,-28.139103
35.946667,-33.570218
35.968000,-36.334532
35.989333,-37.656994
36.010667,-41.820368
36.032000,-42.078761
36.053333,-36.440649
36.074667,-41.213097
36.096000,-41.363136
36.117333,-40.809767
36.138667,-40.537998
36.160000,-38.799723
36.181333,-41.117557
36.202667,-41.150260
36.224000,-38.662549
36.245333,-36.969000
36.266667,-23.479534
36.288000,-21.122222
36.309333,-22.884578
36.330667,-28.656997
36.352000,-36.560505
36.373333,-39.258253
36.394667,-34.266182
36.416000,-34.797508
36.437333,-41.330179
36.458667,-41.001700
36.480000,-36.054190
36.501333,-28.667050
36.522667,-34.873321
36.544000,-40.642282
36.565333,-40.767346
36.586667,-38.120363
36.608000,-33.778591
36.629333,-36.528670
36.650667,-34.412368
36.672000,-32.556987
36.693333,-32.505476
36.714667,-36.394665
36.736000,-37.896940
36.757333,-38.345921
36.778667,-38.542905
36.800000,-42.528017
36.821333,-40.971214
36.842667,-41.078874
36.864000,-41.629495
36.885333,-39.847169
36.906667,-40.802168
36.928000,-42.716342
36.949333,-40.903881
36.970667,-38.856404
36.992000,-28.393465
37.013333,-27.255697
37.034667,-27.912448
37.056000,-36.162069
37.077333,-41.459827
37.098667,-42.059207
37.120000,-42.751479
37.141333,-41.818260
37.162667,-39.923234
37.184000,-29.593984
37.205333,-26.966280
37.226667,-26.992425
37.248000,-30.950031
37.269333,-31.859656
37.290667,-39.693947
37.312000,-40.028362
37.333333,-36.269073
37.354667,-36.564594
37.376000,-28.744528
37.397333,-28.662401
37.418667,-36.202272
37.440000,-40.919762
37.461333,-41.307875
37.482667,-41.554110
37.504000,-41.898857
37.525333,-30.580173
37.546667,-28.093518
37.568000,-28.162530
37.589333,-29.966412
37.610667,-35.393359
37.632000,-33.772467
37.653333,-32.742520
37.674667,-33.202395
37.696000,-34.485081
37.717333,-36.913147
37.738667,-34.228354
37.760000,-32.081207
37.781333,-32.441518
37.802667,-32.697810
37.824000,-34.164101
37.845333,-33.337636
37.866667,-35.370126
37.888000,-35.163160
37.909333,-35.644034
37.930667,-37.308850
37.952000,-40.948054
37.973333,-41.732796
37.994667,-42.498683
38.016000,-39.897557
38.037333,-41.613596
38.058667,-43.237993
38.080000,-42.465268
38.101333,-33.183374
38.122667,-29.733452
38.144000,-29.214237
38.165333,-33.171274
38.186667,-34.922763
38.208000,-38.466103
38.229333,-43.036284
38.250667,-43.975199
38.272000,-40.850922
38.293333,-42.613817
38.314667,-37.927363
38.336000,-29.819403
38.357333,-35.314504
38.378667,-38.816342
38.400000,-39.408886
38.421333,-40.821961
38.442667,-37.746507
38.464000,-45.645027
38.485333,-40.535294
38.506667,-38.615678
38.528000,-37.642008
38.549333,-38.098515
38.570667,-37.344877
38.592000,-36.709641
38.613333,-41.789299
38.634667,-34.451900
38.656000,-36.709710
38.677333,-35.100489
38.698667,-40.199023
38.720000,-42.486144
38.741333,-40.769462
38.762667,-44.016438
38.784000,-38.855042
38.805333,-36.583185
38.826667,-37.231423
38.848000,-36.828858
38.869333,-37.840540
38.890667,-35.762285
38.912000,-32.500025
38.933333,-32.891178
38.954667,-33.340799
38.976000,-39.047001
38.997333,-41.451425
39.018667,-38.250957
39.040000,-42.073169
39.061333,-45.242680
39.082667,-42.669858
39.104000,-42.728244
39.125333,-41.293520
39.146667,-39.021979
39.168000,-39.595261
39.189333,-42.719194
39.210667,-41.171381
39.232000,-42.941775
39.253333,-41.174556
39.274667,-41.447930
39.296000,-41.607802
39.317333,-41.653265
39.338667,-43.208682
39.360000,-18.948709
39.381333,-19.900299
39.402667,-25.999047
39.424000,-28.383817
39.445333,-28.004045
39.466667,-20.806764
39.488000,-20.734388
39.509333,-25.074997
39.530667,-33.089051
39.552000,-36.599137
39.573333,-38.696876
39.594667,-34.853785
39.616000,-37.763556
39.637333,-40.077444
39.658667,-31.135354
39.680000,-21.518836
39.701333,-20.935887
39.722667,-26.265459
39.744000,-28.924899
39.765333,-35.006709
39.786667,-35.357240
39.808000,-34.504852
39.829333,-42.869986
39.850667,-43.327214
39.872000,-44.125626
39.893333,-41.756604
39.914667,-42.056745
39.936000,-41.032399
39.957333,-43.925668
39.978667,-20.597283
40.000000,-19.406318
40.021333,-24.864283
40.042667,-31.529233
40.064000,-34.072615
40.085333,-17.147369
40.106667,-17.235773
40.128000,-17.068091
40.149333,-22.180968
40.170667,-28.986012
40.192000,-32.423576
40.213333,-28.387454
40.234667,-23.212866
40.256000,-13.326270
40.277333,-12.203772
40.298667,-20.059217
40.320000,-26.400395
40.341333,-27.389059
40.362667,-28.456877
40.384000,-27.071429
40.405333,-24.514612
40.426667,-18.737298
40.448000,-22.651010
40.469333,-31.163173
40.490667,-37.152030
40.512000,-37.440083
40.533333,-38.810738
40.554667,-40.610179
40.576000,-39.686003
40.597333,-31.404031
40.618667,-37.380478
40.640000,-22.364088
40.661333,-17.974884
40.682667,-22.167368
40.704000,-29.638853
40.725333,-34.123550
40.746667,-37.449125
40.768000,-21.025654
40.789333,-22.422811
40.810667,-30.035712
40.832000,-34.360970
40.853333,-33.933872
40.874667,-29.387408
40.896000,-23.925378
40.917333,-22.284608
40.938667,-19.141173
40.960000,-18.773164
40.981333,-17.689003
41.002667,-18.528690
41.024000,-18.872587
41.045333,-20.734297
41.066667,-25.787458
41.088000,-31.989804
41.109333,-36.441673
41.130667,-42.014675
41.152000,-44.043796
41.173333,-27.143996
41.194667,-11.158484
41.216000,-15.797779
41.237333,-23.545726
41.258667,-28.504671
41.280000,-29.050829
41.301333,-27.629672
41.322667,-20.416030
41.344000,-17.169597
41.365333,-19.358121
41.386667,-19.749183
41.408000,-21.043851
41.429333,-21.370542
41.450667,-15.482805
41.472000,-6.189435
41.493333,-11.072618
41.514667,-16.855189
41.536000,-12.378094
41.557333,-21.600743
41.578667,-29.700046
41.600000,-34.644053
41.621333,-35.500002
41.642667,-38.169999
41.664000,-39.621125
41.685333,-19.942986
41.706667,-11.551663
41.728000,-14.767442
41.749333,-13.734586
41.770667,-26.076378
41.792000,-31.331233
41.813333,-34.867496
41.834667,-32.901657
41.856000,-17.752348
41.877333,-13.741495
41.898667,-17.259078
41.920000,-12.313439
41.941333,-22.411708
41.962667,-29.077832
41.984000,-24.721590
42.005333,-21.047735
42.026667,-22.937986
42.048000,-27.069149
42.069333,-30.767083
42.090667,-33.143754
42.112000,-33.183700
42.133333,-30.446063
42.154667,-24.123663
42.176000,-22.161997
42.197333,-20.004438
42.218667,-19.867225
42.240000,-24.022067
42.261333,-30.396322
42.282667,-33.401905
42.304000,-34.382029
42.325333,-24.379319
42.346667,-21.032626
42.368000,-20.650653
42.389333,-15.946214
42.410667,-21.262150
42.432000,-29.105022
42.453333,-26.660974
42.474667,-21.917354
42.496000,-19.809606
42.517333,-27.426450
42.538667,-31.696945
42.560000,-29.770001
42.581333,-27.745643
42.602667,-27.678618
42.624000,-29.984112
42.645333,-21.597235
42.666667,-15.959516
42.688000,-18.401957
42.709333,-20.832592
42.730667,-24.903904
42.752000,-28.491164
42.773333,-28.647603
42.794667,-34.835511
42.816000,-34.038275
42.837333,-23.468082
42.858667,-18.573205
42.880000,-19.094047
42.901333,-27.275157
42.922667,-25.690110
42.944000,-25.308512
42.965333,-25.895010
42.986667,-27.526764
43.008000,-22.219605
43.029333,-18.458795
43.050667,-21.251059
43.072000,-24.955126
43.093333,-27.987364
43.114667,-31.888527
43.136000,-29.558952
43.157333,-24.807776
43.178667,-24.403241
43.200000,-21.752279
43.221333,-20.458137
43.242667,-19.169240
43.264000,-17.754107
43.285333,-17.680808
43.306667,-18.762207
43.328000,-19.719346
43.349333,-20.841092
43.370667,-21.787535
43.392000,-22.977036
43.413333,-24.957292
43.434667,-31.072247
43.456000,-35.128259
43.477333,-37.840867
43.498667,-41.502110
43.520000,-42.145564
43.541333,-41.334216
43.562667,-41.898204
43.584000,-40.826561
43.605333,-40.449622
43.626667,-41.878672
43.648000,-42.738202
43.669333,-44.144764
43.690667,-45.115354
43.712000,-44.534108
43.733333,-43.430911
43.754667,-42.139768
43.776000,-41.826021
43.797333,-42.703505
43.818667,-43.458492
43.840000,-45.771006
43.861333,-45.626301
43.882667,-42.675088
43.904000,-41.785584
43.925333,-43.016490
43.946667,-42.065646
43.968000,-40.877237
43.989333,-40.025638
44.010667,-39.852932
44.032000,-41.082047
44.053333,-27.490413
44.074667,-31.488516
44.096000,-38.206620
44.117333,-40.558312
44.138667,-30.499528
44.160000,-27.423280
44.181333,-30.925520
44.202667,-38.450490
44.224000,-40.724139
44.245333,-40.945976
44.266667,-42.455629
44.288000,-42.044991
44.309333,-42.465466
44.330667,-40.673582
44.352000,-39.065274
44.373333,-39.369370
44.394667,-40.582455
44.416000,-40.675998
44.437333,-41.564626
44.458667,-41.533761
44.480000,-41.893211
44.501333,-41.406714
44.522667,-39.430010
44.544000,-40.585229
44.565333,-43.169111
44.586667,-42.642702
44.608000,-44.868402
44.629333,-42.887218
44.650667,-41.771768
44.672000,-41.142833
44.693333,-40.955625
44.714667,-42.234843
44.736000,-41.819232
44.757333,-41.057711
44.778667,-40.907442
44.800000,-39.996447
44.821333,-40.425863
44.842667,-42.036410
44.864000,-41.467985
44.885333,-41.428863
44.906667,-45.984776
44.928000,-45.444225
44.949333,-44.626347
44.970667,-45.251702
44.992000,-44.277686
45.013333,-44.401714
45.034667,-46.596161
45.056000,-45.880595
45.077333,-45.956021
45.098667,-41.126348
45.120000,-43.876657
45.141333,-43.111325
45.162667,-36.447469
45.184000,-35.755712
45.205333,-38.053453
45.226667,-42.232101
45.248000,-40.286198
45.269333,-40.192607
45.290667,-34.290943
45.312000,-31.418613
45.333333,-32.773778
45.354667,-36.068993
45.376000,-38.815248
45.397333,-39.498198
45.418667,-40.586843
45.440000,-42.898944
45.461333,-42.738054
45.482667,-43.154481
45.504000,-42.170660
45.525333,-42.241103
45.546667,-42.723164
45.568000,-43.092556
45.589333,-41.994481
45.610667,-40.622192
45.632000,-41.762009
45.653333,-42.189343
45.674667,-43.408912
45.696000,-42.524062
45.717333,-42.495256
45.738667,-42.516134
45.760000,-43.074225
45.781333,-43.272247
45.802667,-43.069086
45.824000,-42.452427
45.845333,-44.353413
45.866667,-43.718085
45.888000,-43.336493
45.909333,-44.151353
45.930667,-37.610317
45.952000,-34.907008
45.973333,-29.595260
45.994667,-22.024985
46.016000,-24.984234
46.037333,-24.244918
46.058667,-27.999215
46.080000,-31.301400
46.101333,-32.477352
46.122667,-34.819916
46.144000,-30.169580
46.165333,-25.607727
46.186667,-24.503438
46.208000,-26.376021
46.229333,-30.241687
46.250667,-30.783755
46.272000,-31.904588
46.293333,-32.496684
46.314667,-35.798884
46.336000,-34.097247
46.357333,-31.817706
46.378667,-30.273429
46.400000,-30.838190
46.421333,-31.598739
46.442667,-33.904728
46.464000,-38.898402
46.485333,-41.544575
46.506667,-43.269265
46.528000,-32.888010
46.549333,-34.837805
46.570667,-34.072892
46.592000,-33.465835
46.613333,-34.731686
46.634667,-36.229036
46.656000,-37.176141
46.677333,-34.086894
46.698667,-33.437374
46.720000,-30.121351
46.741333,-29.352703
46.762667,-34.496086
46.784000,-33.400035
46.805333,-30.649523
46.826667,-31.669755
46.848000,-31.513703
46.869333,-38.774613
46.890667,-31.752775
46.912000,-26.786569
46.933333,-25.982246
46.954667,-21.628103
46.976000,-16.776196
46.997333,-23.436937
47.018667,-27.204812
47.040000,-29.636456
47.061333,-33.115500
47.082667,-29.814935
47.104000,-23.100501
47.125333,-23.149318
47.146667,-29.034592
47.168000,-37.487025
47.189333,-38.312999
47.210667,-39.662383
47.232000,-41.892169
47.253333,-39.159974
47.274667,-43.135365
47.296000,-41.936063
47.317333,-36.845795
47.338667,-29.777623
47.360000,-30.313956
47.381333,-31.014885
47.402667,-35.312778
47.424000,-34.980267
47.445333,-31.272093
47.466667,-31.150693
47.488000,-34.846917
47.509333,-36.998400
47.530667,-38.545830
47.552000,-40.257483
47.573333,-42.258335
47.594667,-41.848926
47.616000,-41.401182
47.637333,-42.697937
47.658667,-43.229573
47.680000,-43.375937
47.701333,-42.252589
47.722667,-44.278440
47.744000,-42.524635
47.765333,-44.417443
47.786667,-40.239087
47.808000,-41.020681
47.829333,-44.023582
47.850667,-41.476356
47.872000,-28.973919
47.893333,-33.979626
47.914667,-38.890864
47.936000,-38.274159
47.957333,-35.041590
47.978667,-40.665827
48.000000,-42.330181
48.021333,-42.737227
48.042667,-41.525103
48.064000,-42.105142
48.085333,-40.948265
48.106667,-41.966057
48.128000,-43.692894
48.149333,-43.004006
48.170667,-39.625298
48.192000,-41.583691
48.213333,-39.254636
48.234667,-42.428208
48.256000,-42.128396
48.277333,-43.492264
48.298667,-42.333699
48.320000,-40.173299
48.341333,-41.659924
48.362667,-41.872710
48.384000,-43.259636
48.405333,-42.644101
48.426667,-41.402554
48.448000,-45.637087
48.469333,-46.653853
48.490667,-43.215631
48.512000,-42.408701
48.533333,-43.457387
48.554667,-41.096226
48.576000,-42.845888
48.597333,-42.854103
48.618667,-41.589711
48.640000,-41.996344
48.661333,-42.360689
48.682667,-40.261288
48.704000,-41.316436
48.725333,-41.337565
48.746667,-42.597087
48.768000,-41.243535
48.789333,-41.088467
48.810667,-42.962598
48.832000,-41.839309
48.853333,-41.758429
48.874667,-41.891772
48.896000,-43.113289
48.917333,-42.151441
48.938667,-43.666688
48.960000,-43.719632
48.981333,-43.632781
49.002667,-42.622117
49.024000,-44.264902
49.045333,-44.231701
49.066667,-42.193251
49.088000,-41.381429
49.109333,-42.002470
49.130667,-42.103177
49.152000,-40.452273
49.173333,-41.359527
49.194667,-42.327034
49.216000,-42.142346
49.237333,-43.348101
49.258667,-41.591228
49.280000,-42.330547
49.301333,-42.142332
49.322667,-44.433415
49.344000,-46.266437
49.365333,-45.513720
49.386667,-43.938678
49.408000,-43.475064
49.429333,-42.518266
49.450667,-42.355202
49.472000,-42.734311
49.493333,-42.022694
49.514667,-43.255375
49.536000,-40.986533
49.557333,-42.083872
49.578667,-41.723669
49.600000,-43.551953
49.621333,-41.772979
49.642667,-45.724387
49.664000,-44.790129
49.685333,-43.813323
49.706667,-42.661876
49.728000,-41.272022
49.749333,-42.133262
49.770667,-42.202036
49.792000,-45.723815
49.813333,-47.343253
49.834667,-43.616412
49.856000,-40.974580
49.877333,-38.735919
49.898667,-19.111831
49.920000,-12.536127
49.941333,-12.255398
49.962667,-18.600593
49.984000,-18.990693
50.005333,-25.049263
50.026667,-29.913147
50.048000,-22.794007
50.069333,-18.818682
50.090667,-17.503368
50.112000,-17.702548
50.133333,-20.124815
50.154667,-25.490538
50.176000,-28.459871
50.197333,-28.142839
50.218667,-27.329754
50.240000,-29.556256
50.261333,-36.285209
50.282667,-35.455204
50.304000,-34.940701
50.325333,-36.086654
50.346667,-39.158878
50.368000,-45.098243
50.389333,-44.906500
50.410667,-46.151060
50.432000,-44.597358
50.453333,-42.719170
50.474667,-44.142483
50.496000,-39.332782
